"Common_Name","Location_Name","Distance"
"American Robin","Rusty Blackbird 44.798099 -122.724814",106.9
"American Robin","45.33815 -122.66930 Oregon Golf Club",56
"American Robin","42.55579, -122.73302",162
"American Robin","44.63031 -123.15168 Bowers Rock",116
"American Robin","Dawson and Park Roads",120
"American Robin","Le Brun Rd NE 45.140018 -122.927858",68.4
"American Robin","43.16529, -120.91350",297
"American Robin","44.80044 -122.73395 Rusty Blackbird",218
"American Robin","BP08",233.1
"American Robin","43.82240, -123.3255",19
"American Robin","Bellfountain 361x361",65
"American Robin","43.97569, -122.75198",70
"American Robin","42.55579, -122.73302",179
"American Robin","44.411764 -118.952858",40
"American Robin","43.48651, -123.29404",275
"American Robin","Maxfield Creek Rd. 4.0",31
"American Robin","209 Picardy Ln. ",90
"American Robin","43.93323 -119.29112",175
"American Robin","Richardson 9052x3946",95
"American Robin","44.260048  -119.867578",130
"American Robin","45.12592 -123.02902 SE Grand Island Loop",246
"American Robin","45.43373, -118.25861",87
"American Robin","42.66269, -122.93819",120
"American Robin","Hultman 8009x1458",90
"American Robin","Whiskey Butte Dr. 3.5 44.38311 -122.58972 ",180
"American Robin","Wild Turkey 45.315650 -123.305679",58
"American Robin","Price Creek Road 1.5",5
"American Robin","45.74092 -122.77372 Racetrack Lake",71
"American Robin","44.89345 -119.45630",200
"American Robin","43.75288 -120.81960",150
"American Robin","Orchard Heights 9610x1080",50
"American Robin","Bethel Hts Rd 0324x1641",66
"American Robin","West Perrydale 0406x3508",125
"American Robin","Harley Rd 45.48990 -117.43820",68
"American Robin","Golden Valley 44.54254 -122.82524",52
"American Robin","44.30442, -121.21914",138
"American Robin","Sawtell Mennonite Cemetery",63
"American Robin","Godias Creek OUT 45.46950 -116.79315",127
"American Robin","43.37283  -124.08689",170
"American Robin","E10",90
"American Robin","Bellfountain Rd. 1",40
"American Robin","11p",100
"American Robin","Old River Rd. 320x252",300
"American Robin","Marys River Rd. 3",12
"American Robin","SE Walnut Hill Rd 45.123661 -123.120242",49.3
"American Robin","4-H Rd 0083x1296",19
"American Robin","44.19184 -118.53869",50
"American Robin","Camp Creek Rd Wallowa 45.56242  -116.89510",92
"American Robin","West Hills 556x329",125
"American Robin","Western Gull 44.878264 -123.005827",137
"American Robin","Oak Grove Rd 0723x1862",20
"American Robin","43.74837 -122.97183 Dorena Lake",NA
"American Robin","Woods Creek Rd. 2.0",65
"American Robin","44.617618 -118.754803",90
"American Robin","Van Horn S Spur 308x683",150
"American Robin","Old River Rd. 9.0",150
"American Robin","43.040322  -124.158460",43
"American Robin","45.42004, -123.88287",64
"American Robin","45.36779 -122.89573 SW Edy Rd",23
"American Robin","44.31567, -121.32469",95
"American Robin","Hill Rd Lane 44.102466 -122.950763",120
"American Robin","Tranquility Ln 45.37655 -122.45232",90
"American Robin","45.30910, -121.73630",40
"American Robin","Independence Hwy 1",40
"American Robin","Parasitic Jaeger 44.73897 -120.35650",134.4
"American Robin","Hwy 20 2.6",190
"American Robin","42.62970  -121.07998",50
"American Robin","Woods Creek Rd. 0.5 stream noise",75
"American Robin","Morrow 9180x1972",300
"American Robin","Zumwalt 8034x2964",40
"American Robin","44.05278 -119.07049",120
"American Robin","43.61720, -122.44794",30
"American Robin","42.73993  -121.83130",200
"American Robin","45.35983 -122.77925 SW Norwood Rd",50.2
"American Robin","45.33411, -118.72030",34
"American Robin","42.50467, -122.39948",59
"American Robin","Edison Rd NE 44.976507 -122.779071",36.5
"American Robin","44.869525 -119.081417",70
"American Robin","42.04256  -121.40358",165
"American Robin","42.88136  -118.88502",63
"American Robin","44.669464 -119.135941",30
"American Robin","43.47639  -124.05707",40
"American Robin","18y",80
"American Robin","18w",3
"American Robin","Old Peak Rd. 4.0",92
"American Robin","Hwy 34 506x435",170
"American Robin","4p",52
"American Robin","44.669464 -119.135941",130
"American Robin","43.15786, -119.80901",70
"American Robin","Bethel Hts Rd 0378x1721",100
"American Robin","Dart Creek Road 45.89428 -122.87846",45.8
"American Robin","44.86627 -122.77291 Silver Falls Hwy SE",265.1
"American Robin","Highland 8136x2046",140
"American Robin","Military Rd. ",150
"American Robin","Mc Donald Forest Rd. 500 662x243",34
"American Robin","Tubacco Lane pet parrots",40
"American Robin","44.495459 -119.030258",60
"American Robin","Mc Donald Forest Rd. 6021 621x346",30
"American Robin","Smithfield 9835x2757",13
"American Robin","44.76147, -120.81525",35
"American Robin","45.31741 -122.89861 Parrett Mountain Airport",36
"American Robin","Rickard Rd. 1.0",6
"American Robin","45.52036, -123.82704",89
"American Robin","42.16256, -122.79031",58
"American Robin","4l",40
"American Robin","Warbling Vireo 44.70885 -119.95026",59
"American Robin","44.86805 -122.75472 Silver Falls Hwy SE",343
"American Robin","Tum Tum Rd. 0.5",35
"American Robin","BP38",90.3
"American Robin","44.35968, -121.18864",75
"American Robin","44.24041  -120.21803",70
"American Robin","8u",NA
"American Robin","Dry Creek Tributary 45.63299 -117.55922",132
"American Robin","Shumway Rd 43.74256 -118.07829",50
"American Robin","Halls Ferry 8870x1513",25
"American Robin","21k",60
"American Robin","45.61610, -121.55633",61
"American Robin","44.781456, -122.054352",62
"American Robin","Shady Oak 319x308",80
"American Robin","45.43185 -122.63138 Emperor Goose",27
"American Robin","55th 9459x1421",40
"American Robin","West of Dry Hollow Rd 44.85765 -120.15069",40.2
"American Robin","CR28",135
"American Robin","South Fork Rd. 302x413",38
"American Robin","Three Lakes Rd SE 44.59265 -123.05904",61
"American Robin","Kiger Island Dr. 1.0",45
"American Robin","Random 44.68144 -122.18690",150
"American Robin","43.708883, -122.977286",120
"American Robin","Hulbert Lake Rd. 0.5",22
"American Robin","MIXD001",60
"American Robin","Robb Mill 9370x3865",40
"American Robin","Ervin Rd. just past 24243",25
"American Robin","45.15107, -118.66912",1
"American Robin","43.94771 -122.79801 Place Rd",93
"American Robin","Marys River Rd. 5.4",60
"American Robin","H08",18
"American Robin","Old River Road 359x262",290
"American Robin","42.965746, -117.085217",32
"American Robin","44.33997  -120.07661",35
"American Robin","Le Blue Rd 43.956043 -123.148772",134.4
"American Robin","8l",120
"American Robin","43.703367, -122.976632",115
"American Robin","Big Canyon Rd 45.56115 -117.55663",222
"American Robin","BLM 10 442x573",95
"American Robin","Tranquility Ln 45.37910 -122.45753",150
"American Robin","43.29666  -121.51784",68
"American Robin","Ironside 14_39_14 44.34215 -117.89653",92.8
"American Robin","South Fork Rd. 1.3",180
"American Robin","42.85176, -122.85780",65
"American Robin","Bruce at gated private road at hairpin curve",50
"American Robin","44.15225, -122.32800",95
"American Robin","ZF07",100
"American Robin","Brooks Road 45.854270 -122.895392",118
"American Robin","45.33933, -118.72262",93
"American Robin","44.40464  -120.81662",173
"American Robin","MIXD004",100
"American Robin","43.33116  -124.36880",48
"American Robin","Fir Grove 7858x4074",24
"American Robin","44.79466 -118.47771",45
"American Robin","42.86640  -124.06346",225
"American Robin","30s",25
"American Robin","BP32",57.6
"American Robin","Crowley 9836x1921",40
"American Robin","44.72970, -123.76392",150
"American Robin","45.40823, -123.86907",118
"American Robin","44.939063 -119.180393",115
"American Robin","Corvallis Hwy 7635x1772",600
"American Robin","45.14948 -123.24266 Monroe Landing County Park",52
"American Robin"," 44.95771, -122.16016",118
"American Robin","44.398021 -119.306831",48
"American Robin","30t",18
"American Robin","44.87514 -122.75275 Silver Falls Hwy SE",336
"American Robin","NF-8260 45.77826 -117.65244",293
"American Robin","Buena Vista 8247x1724",100
"American Robin","43.219950,-123.237670",25
"American Robin","43.37419  -124.09354",150
"American Robin","44.260694  -119.864554",130
"American Robin","44.26608,-119.23353",46
"American Robin","35th and Oak Creek ",35
"American Robin","West Salem Engel",110
"American Robin","44.73814, -120.59727",94
"American Robin","42.67577, -120.80206",1148
"American Robin","SE Walnut Hill Rd 45.122778 -123.125965",83.2
"American Robin","Old River Road 1.5",260
"American Robin","Golden Valley 44.54193 -122.52707",95
"American Robin","7 Mile Ln. 44.54606 -123.04885",225
"American Robin","44.80052, -120.64314",46
"American Robin","44.13077, -122.61609",17
"American Robin","44.97447 -123.04782 Cinnamon Teal",6
"American Robin","8r",28
"American Robin","45.46657, -119.35389",236
"American Robin","44.87069 -122.75478 Silver Falls Hwy SE",311
"American Robin","44.11562  -120.23339",318
"American Robin","44.30212  -120.12287",37
"American Robin","45.15578, -118.66859",224
"American Robin","43.25373, -121.05456",113
"American Robin","Inavele Fire substation - Ed Jorgensen",0
"American Robin","43.228502,-123.232065",105
"American Robin","Bellfountain EMB",140
"American Robin","9r",88
"American Robin","Bellfountain and Bull Run diesel engine noise ",12
"American Robin","45.15504, -118.63993",80
"American Robin","Barred Owl 45.89014 -123.55530",27.4
"American Robin","44.72401, -123.74562",50
"American Robin","Tum Tum Rd. 5.0 bridge",48
"American Robin","42.99590, -120.73135",149
"American Robin","Parker 7966x2161",95
"American Robin","45.44760 -122.90063 SW Farmington Rd",136.1
"American Robin","NehalemHwy 45.98444 -123.24589",172
"American Robin","Daisy Dr. 559x389",141
"American Robin","45.77252 -122.90094 Apple Valley Rd",146
"American Robin","Dart Creek Road 45.882042 -122.884658",52
"American Robin","18w",80
"American Robin","Some Road 406x493",90
"American Robin","44.63004,-118.59281",168
"American Robin","Llewellyn 1.0",160
"American Robin","44.98431 -118.91931",135
"American Robin","44.75592, -120.41552",139
"American Robin","44.66986, -120.96272",233
"American Robin","43.75355, -123.34413",66
"American Robin","45.53975, -119.43434",52
"American Robin","Shumway Rd 43.73594 -118.07597",215
"American Robin","45.52687 -122.36237 Purple Martin",220
"American Robin","42.11079 -122.38954",130
"American Robin","5q",95
"American Robin","Brown 9984x3610",155
"American Robin","21p",100
"American Robin","Harley Rd 45.48970 -117.45398",117
"American Robin","44.63102 -123.14555 Bowers Rock",27
"American Robin","42.10381 -122.59896",88
"American Robin","End of Starr Creek Rd. ",42
"American Robin","43.122204  -124.138708",92
"American Robin","Barred Owl 45.88218 -123.56199",23.1
"American Robin","12f",70
"American Robin","42.89492,-123.23782",69
"American Robin","45.52890 -122.36243 Purple Martin",233
"American Robin","44.79950 -122.73019 Rusty Blackbird",130
"American Robin","43.02688,-123.21436",28
"American Robin","44.64058,-118.65720",118
"American Robin","Grove Rd 44.14971 -116.98479",94
"American Robin","43.1303,-123.77608",159
"American Robin","Ervin Rd. 81m from x with Peterson",120
"American Robin","Harris Road 1.0",60
"American Robin","LLV 2.5",62
"American Robin","3430 Bellfountain Rd. ",260
"American Robin","42.33067  -121.03385",125
"American Robin","West Salem 8th and Arthur",120
"American Robin","BPA Carlton Substation 45.277263 -123.144267",96
"American Robin","near Tickle Creek 45.40653 -122.35794",105
"American Robin","43.02428, -122.81775",20
"American Robin","44.14577  -120.29411",197
"American Robin","House Finch 44.62389 -122.81212",340
"American Robin","18d",30
"American Robin","43.33621  -124.37090",43
"American Robin","42.57960  -124.03478",41
"American Robin","45.46027 -122.90747 SW Farmington Rd",87
"American Robin","45.41930, -119.29750",228
"American Robin","43.97301 -119.05062",73
"American Robin","CR21",43.8
"American Robin","45.58189 -122.79120 NW Germantown Rd",56
"American Robin","44.25580,-119.15563",45
"American Robin","Rock Creek Water Tank",12
"American Robin","NF 13-7-15 440x480",120
"American Robin","Brown Rd 45.69851 -117.57613",82
"American Robin","Hill Rd Lane 44.103002 -122.947302",98
"American Robin","44.72572, -120.56136",161
"American Robin","Mc Donald Forest Rd. 600 611x331 some stream noise",130
"American Robin","Old Fort 7844x2275",22
"American Robin","45.17055, -123.79925",42
"American Robin","45.93111 -123.16078",20
"American Robin","45.99734 -123.42699",17
"American Robin","BP25",93
"American Robin","Beaver Creek 431x425",22
"American Robin","Dry Creek Tributary 45.63069 -117.55869",106
"American Robin","Winderlea Vineyard and Winery 45.282070 -123.033660",10
"American Robin","Dunn Forest Rd 7524x34645",20
"American Robin","Coville 9618x2452",110
"American Robin","44.356772  -119.896626",100
"American Robin","45.08819 -122.61074 Sabine's Gull",49
"American Robin","44.659225 -118.819511",27
"American Robin","YOMV05",110.6
"American Robin","Smith 8040x3271",150
"American Robin","44.553091 -119.076176",85
"American Robin","w Ingram Island Rd. 1.0",180
"American Robin","Cooper Hollow 8621x3282",30
"American Robin","43.94744 -122.79431 Place Rd",57
"American Robin","FR15",160
"American Robin","Oak Knoll Rd 0387x0844",186
"American Robin","SEM03",227
"American Robin","42.17203  -121.20121",300
"American Robin","45.28764 -122.49622 S Steiner Rd",157
"American Robin","2210 NW Robinhood",7
"American Robin","Valsetz 8265x6302",70
"American Robin","45.63995, -121.79005",27
"American Robin","Hwy 34 527x408",220
"American Robin","Best 9564x1312",55
"American Robin","43.821089, -121.505910",51
"American Robin","45.09122 -122.86548 Miller Rd NE",234
"American Robin","45.54935, -123.78393",30
"American Robin","42.582506  -124.330665",68
"American Robin","Shady Oak 315x314",140
"American Robin","43.91195, -120.87608",307
"American Robin","Hwy 99W 7315x2230",30
"American Robin","45.42930, -118.24761",310
"American Robin","45.46572 -123.00265 SIC Reservoir",392
"American Robin","42.63141, -122.42245",204
"American Robin","42.54161, -120.61434",155
"American Robin","44.62963 -123.16289 Bower's Rock State Park",117.8
"American Robin","Yampo 0737x1686",50
"American Robin","CR24",126.1
"American Robin","Marks Ridge 44.43258 -122.70346",35
"American Robin","45.55053  -121.18353",260
"American Robin","Robb Mill 9324x3748",30
"American Robin","Philomath Sewage Ponds - NW ",125
"American Robin","Alpine Road ",20
"American Robin","42.73643  -121.82700",100
"American Robin","42.140895  -124.353421",27
"American Robin","BP38",120.6
"American Robin","10k",100
"American Robin","Clearlake Rd 44.102936 -123.264866",96.8
"American Robin","Neuman Rd. 5 min in from Decker",60
"American Robin","603 Pioneer St. ",45
"American Robin","43.594223  -124.097499",40
"American Robin","43.70103, -122.80962",300
"American Robin","Valsetz 8250x6182",40
"American Robin","E Ingram Island Place 3",30
"American Robin","Oak Grove 9704x1666",175
"American Robin","31tt",35
"American Robin","45.57962 -122.80010 NW Germantown Rd",95
"American Robin","Cook Creek Wallowa 45.83397 -116.93194",140
"American Robin","44.00178  -120.59266",190
"American Robin","4-H 0007x1498",70
"American Robin","Smith Loop 1.0",55
"American Robin","ZF01",227.6
"American Robin","44.35236, -121.20395",175
"American Robin","FR12",277.9
"American Robin","SE Walnut Hill Rd 45.122778 -123.125965",83.2
"American Robin","44.87517  -121.22659",140
"American Robin","BP01",28.3
"American Robin","42.18125  -121.72981",46
"American Robin","Ward Road 0.85",70
"American Robin","SE Walnut Hill Rd 45.122778 -123.125965",105.1
"American Robin","TS06",400
"American Robin","Shimanek Bridge Rd. 44.71365 -122.76553",325
"American Robin","44.504402 -119.035573",100
"American Robin","Marys Peak 486x533",70
"American Robin","43.575622  -124.195155",85
"American Robin","42.23685  -121.78452",87
"American Robin","44.12622 -122.62490",169
"American Robin","Shimanek Bridge Rd. 44.71365 -122.76553",81
"American Robin","43.272534,-123.200114",180
"American Robin","45.25078, -118.88142",97
"American Robin","43.11987  -123.86678",125
"American Robin","43.278109,-123.536404",250
"American Robin","45.53322 -122.36235 Purple Martin",183
"American Robin","Elk Creek Rd 43.646141 -123.213560",49.3
"American Robin","45.39811, -118.73270",55
"American Robin","43.18008,-123.03181",151
"American Robin","45.75003 -123.96330",85
"American Robin","Rock Creek Rd. 500x439",110
"American Robin","44.076053, -122.743026",34
"American Robin","Perrydale 9598x3020",45
"American Robin","43.29269  -121.51873",75
"American Robin","Harris Rd. 582x432",161
"American Robin","Mistletoe 8813x3078",70
"American Robin","Pierce Creek 44.29578 -122.91576",70
"American Robin","44.96129 -118.88780",170
"American Robin","Lincoln Rd 0225x0775",10
"American Robin","Mc Donald Forest Rd. 6021 621x346",150
"American Robin","Campus Way covered bridge ",30
"American Robin","DartCreekRoad 45.88688 -122.87924",38
"American Robin","Hulbert Lake Rd. 0.5",45
"American Robin","43.90169 -119.32824",125
"American Robin","42.19469, -123.21481",55
"American Robin","S Groshong Rd 45.045401 -122.583352",96
"American Robin","44.19949 -118.15927",225
"American Robin","45.04957 -122.84609 Pudding River ",265
"American Robin","2210 NW Robinhood",75
"American Robin","Hill Rd Lane 44.101585 -122.954855",160.8
"American Robin","LSNA 7404x1385",50
"American Robin","Monmouth Ash Creek",90
"American Robin","44.933669 -119.189134",75
"American Robin","Bowersville 9243x2579",18
"American Robin","Rock Creek Rd. 500x439",300
"American Robin","42.30775, -123.21918",15
"American Robin","28t",30
"American Robin","42.72146, -123.10683",15
"American Robin","45.15245 -122.72351 Yoder Rd",85
"American Robin","42.738508  -124.412312",65
"American Robin","Coon Rd. 307x350",35
"American Robin","45.56355  -121.17462",172
"American Robin","Hwy 34 527x408",250
"American Robin","22e",100
"American Robin","44.98982 -118.92770",85
"American Robin","Apple Valley Rd 45.76610 -122.90710",145
"American Robin","Boyd Ln. and Territorial Land machines",200
"American Robin","Dodge Island Rd. 0.5",90
"American Robin","Wynoochee 580x342",140
"American Robin","45.79248 -123.22173",17
"American Robin","BHF11",46.6
"American Robin","43.69500  -118.80454",210
"American Robin","43.792335, -122.974206",115
"American Robin","Ward Road 0.0",300
"American Robin","Joseph Lane",35
"American Robin","45.33533, -119.03613",202
"American Robin","Wooded Knolls 566x364",150
"American Robin","45.75003 -123.96330",95
"American Robin","43.78138, -123.90338",30
"American Robin","44.71815, -123.90246",15
"American Robin","42.58320   -124.03148",70
"American Robin","44.72736,-119.33445",149
"American Robin","Woods Creek Rd. 5.0",110
"American Robin","42.11215 -120.67522",30
"American Robin","45.33750, -123.96156",80
"American Robin","32v",30
"American Robin","45.14703 -123.23951 Monroe Landing County Park",242
"American Robin","44.39085 -118.52977",110
"American Robin","43.89820 -119.33033",75
"American Robin","Three Lakes Rd SE 44.60561 -123.05202",25
"American Robin","BS15",120.4
"American Robin","45.61349, -121.56137",121
"American Robin","45.24977 -122.73305 S Anderson Rd",236
"American Robin","Howard Creek 45.649140 -117.662094",142
"American Robin","South Fork Rd. 3.0",35
"American Robin","Washington Creek 43.98207 -117.70773",22
"American Robin","43.90541 -123.08668 Xantus's Murrelet",144
"American Robin","Pit Road 1.5",51
"American Robin","42.60563 -122.94537",87
"American Robin","West Salem 956 Lynda Lane",40
"American Robin","45.37006, -118.57191",37
"American Robin","43.082342,-122.687034",140
"American Robin","Van Horn 6.3",20
"American Robin","19t",30
"American Robin","Dry Creek Tributary 45.61975 -117.55859",265
"American Robin","44.669464 -119.135941",130
"American Robin","Irish Bend Park",15
"American Robin","Price Creek Road 0.5",68
"American Robin","Hwy 34 348x696",4
"American Robin","Hazelton Rd 43.840759 -123.129931",61.1
"American Robin","45.25078, -118.88142",35
"American Robin","44.263900  -119.906475",36
"American Robin","Lily Hill Rd. 612x468",34
"American Robin","44.26776  -120.26409",85
"American Robin","45.43338, -118.25503",250
"American Robin","19y",90
"American Robin","30x",250
"American Robin","45.58925 -123.01097 NW Glencoe Rd",93.8
"American Robin","44.30266  -120.18509",175
"American Robin","NE Logsden",40
"American Robin","Lone Star 0717x0982",197
"American Robin","42.43316, -122.62849",344
"American Robin","44.88033, -123.88747",40
"American Robin","43.258675,-123.215822",100
"American Robin","45.72213, -123.23648",231
"American Robin","44.29158  -121.00791",90
"American Robin","45.67408, -118.76536",93
"American Robin","42.15794 -122.48509",163
"American Robin","43.79257, -122.97679",250
"American Robin","Independence and Palestine",44
"American Robin","42.275745  -124.366764",50
"American Robin","44.26525,-119.21584",39
"American Robin","42.47904,-122.76006",383
"American Robin","Old River and Irish Bend Roads",326
"American Robin","26434 Coon Rd. ",56
"American Robin","30u",40
"American Robin","Enterprise 0112x3489",22
"American Robin","43.00621, -121.13251",110
"American Robin","Red-breasted Sapsucker 43.654257 -123.295896",62
"American Robin","Hwy 34 and Winney Rd. ",130
"American Robin","Frost 8404x4122",50
"American Robin","31u",0
"American Robin","Moritz 0669x4160",60
"American Robin","Scappoose Bay 45.831603 -122.838285",50.2
"American Robin","Dry Creek Tributary 45.62267 -117.55869",310
"American Robin","43.02895,-123.23090",223
"American Robin","28v",25
"American Robin","17n",85
"American Robin","Barred Owl 45.88218 -123.56199",90.5
"American Robin","Hazelton Rd 43.838572 -123.129944",82
"American Robin","West Perrydale 0387x3574",75
"American Robin","45.03275  -120.72890",113
"American Robin","43.838526,-124.047085",27
"American Robin","44.14713  -120.28777",44
"American Robin","Dallas Church Birch",35
"American Robin","Sawtell 0462x4887",75
"American Robin","Larson Rd. 341x368",150
"American Robin","Marval Rd. 622x562",125
"American Robin","45.09457 -122.85632 Miller Rd NE",211
"American Robin","45.09457 -122.85632 Miller Rd NE",93
"American Robin","Hwy 223 4.5",200
"American Robin","43.95066, -124.00497",40
"American Robin","43.74837 -122.97183 Dorena Lake",108.8
"American Robin","45.28764 -122.49622 S Steiner Rd",43
"American Robin","45.12592 -123.02902 SE Grand Island Loop",211
"American Robin","9-6-20 7751x4585",12
"American Robin","45.45078 -122.89861 SW Farmington Rd",52.1
"American Robin","44.26091 -118.00606",160
"American Robin","43.88396, -122.23823",45
"American Robin","45.28536 -122.46183 S Steiner Rd",181
"American Robin","45.14441, -122.15338",76
"California Scrub-Jay","BHF04",108.8
"California Scrub-Jay","West Salem  Mousebird Macaw",75
"California Scrub-Jay","44.25486, -121.27020",210
"California Scrub-Jay","44.23983  -120.83050",31
"California Scrub-Jay","42.42441 -123.07388",69
"California Scrub-Jay","45.12427 -123.02425 SE Grand Island Loop",317
"California Scrub-Jay","EE Wilson 687x201",142
"California Scrub-Jay","Livermore 0028x2563",93
"California Scrub-Jay","43.48738, -123.21966",170
"California Scrub-Jay","FR13",150.8
"California Scrub-Jay","45.36792 -12290382 SW Edy Rd",71
"California Scrub-Jay","45.45120 -122.90168 SW Farmington Rd",139
"California Scrub-Jay","42.93961,-123.24776",84
"California Scrub-Jay","Emperor Goose 45.41940 -122.63879",110
"California Scrub-Jay","45.33691 -122.67837 Oregon Golf Club",115
"California Scrub-Jay","45.51960, -121.58364",300
"California Scrub-Jay","45.14896 -123.23973 Monroe Landing County Park",158
"California Scrub-Jay","45.60121 -122.94644 Storey Creek",68
"California Scrub-Jay","West Salem 2304 Rogers",40
"California Scrub-Jay","3046 NW Greenbriar Pl. ",56
"California Scrub-Jay","WC08",247.8
"California Scrub-Jay","KP03",64.8
"California Scrub-Jay","45.24683 -122.74000 S Anderson Rd",281
"California Scrub-Jay","BP09",294.4
"California Scrub-Jay","Price Creek Road 1.0",59
"California Scrub-Jay","Dallas Hankel Davis",130
"California Scrub-Jay","EE Wilson 687x209 riparian zone",30
"California Scrub-Jay","42.76465 -123.26572",125
"California Scrub-Jay","Abraham Ln. 0.2",60
"California Scrub-Jay","McCaleb 8567x3113",175
"California Scrub-Jay","Bursell 8691x2666",73
"California Scrub-Jay","42.67055 -122.74509 ",23
"California Scrub-Jay","Dallas Laura",30
"California Scrub-Jay","EE Wilson 690x1998",150
"California Scrub-Jay","CM07",90.5
"California Scrub-Jay","EE Wilson 709x202",90
"California Scrub-Jay","44.40140  -120.91290",161
"California Scrub-Jay","Rosecrest",140
"California Scrub-Jay","6320 Spring hill",140
"California Scrub-Jay","BS13",152.7
"California Scrub-Jay","Fillmore and 34th St.",34
"California Scrub-Jay","OAKW001",90
"California Scrub-Jay","42.30991, -123.21997",90
"California Scrub-Jay","3344 SW Longhill St. (G6?)",36
"California Scrub-Jay","CR01",66.7
"California Scrub-Jay","NW Deer Run St. ",16
"California Scrub-Jay","Brush College and Gibson",32
"California Scrub-Jay","Crowley 9818x1710",175
"California Scrub-Jay","45.60653 -122.93713 Storey Creek",NA
"California Scrub-Jay","Orchard Knob 9547x3270",110
"California Scrub-Jay","West Salem 2365 Winchester",70
"California Scrub-Jay","43.569745  -124.201087",82
"California Scrub-Jay","Tarter 7616x3398",304
"California Scrub-Jay","Hwy 223 8.1",84
"California Scrub-Jay","Xantu's Murrelet 43.908676 -123.084531",228.4
"California Scrub-Jay","44.12768, -122.61848",109
"California Scrub-Jay","BH08",75
"California Scrub-Jay","Tucker 0474x2910",40
"California Scrub-Jay","Falcated Duck 44.137184 -123.038769",106
"California Scrub-Jay","Albee Ln SE 44.64488 -122.94888",165
"California Scrub-Jay","Dallas Hankel Davis",130
"California Scrub-Jay","Elkins 7957x2931",9
"California Scrub-Jay","44.23848  -120.83562",131
"California Scrub-Jay","4-H Rd 0083x1296",125
"California Scrub-Jay","Oak Villa 9528x2898",17
"California Scrub-Jay","45.14431 -122.73937 Yoder Rd",214
"California Scrub-Jay","43.228502,-123.232065",110
"California Scrub-Jay","Beck 0258x3175",90
"California Scrub-Jay","H10",135
"California Scrub-Jay","BH03",21.7
"California Scrub-Jay","45.36785 -122.89186 SW Edy Rd",124
"California Scrub-Jay","JSF04",32
"California Scrub-Jay","H02",219
"California Scrub-Jay","45.91302, -119.37811",39
"California Scrub-Jay","43.45658, -123.34765",137
"California Scrub-Jay","44.40140  -120.91290",60
"California Scrub-Jay","Falcated Duck 44.137012 -123.026304",35.6
"California Scrub-Jay","Abraham Ln. 0.2",175
"California Scrub-Jay","45.36783 -122.88869 SW Edy Rd",93
"California Scrub-Jay","42.23685  -121.78452",108
"California Scrub-Jay","Ryals 0.5",125
"California Scrub-Jay","43.97411 -123.07816 Christensen Rd",250
"California Scrub-Jay","BP51",18.2
"California Scrub-Jay","Scappoose Bay 45.82304 -122.84540",167
"California Scrub-Jay","Bruce at f sign/gate",88
"California Scrub-Jay","230 Country Club",80
"California Scrub-Jay","River Rd NE 45.072701 -122.978970",32
"California Scrub-Jay","BP24",104
"California Scrub-Jay","Sandner Dr. 44.73874 -122.80449",63
"California Scrub-Jay","Monmouth Ash Creek",60
"California Scrub-Jay","Beck 0268x3493",22
"California Scrub-Jay","43.036167.-123.547276",149
"California Scrub-Jay","Boyd Ln. 0.25",240
"California Scrub-Jay","NE Mineral Springs Rd 45.254135 -123.129377",61.2
"California Scrub-Jay","ZF09",70
"California Scrub-Jay","45.60659 -122.93073 Storey Creek",141
"California Scrub-Jay","Bridgeport 8492x4066",75
"California Scrub-Jay","3848 SW Neer Ave. ",85
"California Scrub-Jay","Decker at Decker Ridge Rd. ",400
"California Scrub-Jay","30968 Bellfountain Rd. ",320
"California Scrub-Jay","43.02895,-123.23090",59
"California Scrub-Jay","43.274396,-123.415625",88
"California Scrub-Jay","45.21282 -122.44282 S Unger Rd",115.2
"California Scrub-Jay","Meadows Ln SE 44.791274 -123.039851",161.8
"California Scrub-Jay","44.63123 -123.14282 Bowers Rock",98
"California Scrub-Jay","Zena Rd 0318x1688",100
"California Scrub-Jay","SE Walnut Hill Rd 45.123661 -123.120242",36.5
"California Scrub-Jay","WC02",21.9
"California Scrub-Jay","NW Fillmore and 25th St. ",12
"California Scrub-Jay","43.01702,-123.27477",89
"California Scrub-Jay","43.41275, -123.17049",125
"California Scrub-Jay","SE Flavel St 45.47209 -122.58281",75
"California Scrub-Jay","Livermore 9891x2631",62
"California Scrub-Jay","42.31258, -123.22939",10
"California Scrub-Jay","42.18300  -121.72256",46
"California Scrub-Jay","43.151336,-123.255187",175
"California Scrub-Jay","42.17282, -123.04471",17
"California Scrub-Jay","209 Picardy Ln. ",55
"California Scrub-Jay","Heritage 4 44.89999 -122.89021",45
"California Scrub-Jay","Orchard and 33rd",31
"California Scrub-Jay","Williams Rd. 0.0",168
"California Scrub-Jay","Liberty 8588x3835",50
"California Scrub-Jay","45.61501 -123.22742 NW Wilson River Hwy",45
"California Scrub-Jay","45.36086 -122.77672 SW Norwood Rd",69.4
"California Scrub-Jay","SW 53rd St. 3",110
"California Scrub-Jay","Sabine's Gull 45.088333 -122.608878",90.5
"California Scrub-Jay","Zena Rd 0229x1461",150
"California Scrub-Jay","Gibson 9846x1321",225
"California Scrub-Jay","BS11",253.2
"California Scrub-Jay","Anna's Hummingbird 44.066385 -123.152387",104.2
"California Scrub-Jay","42.312569,-123.775927",60
"California Scrub-Jay","Finn 0149x4780",140
"California Scrub-Jay","Tampico Rd. 687x242",150
"California Scrub-Jay","Independence G and RR",12
"California Scrub-Jay","Bowers Rock SP 44.63102 -123.14555",90
"California Scrub-Jay","Abraham Ln. 0.2",60
"California Scrub-Jay","43.63107, -123.088528",70
"California Scrub-Jay","Hwy 20 2.6",27
"California Scrub-Jay","BP25",220
"California Scrub-Jay","21t",35
"California Scrub-Jay","45.14512 -123.24017 Monroe Landing County Park",98
"California Scrub-Jay","Airlie 8175x3599",110
"California Scrub-Jay","BPA Carlton Substation 45.277196 -123.140615",106.8
"California Scrub-Jay","845 Granger Ave.",190
"California Scrub-Jay","Lone Star 0717x1245",310
"California Scrub-Jay","Liberty 8488x3858",8
"California Scrub-Jay","Parrish Gap Rd SE 44.751841 -122.979184",34.7
"California Scrub-Jay","Buena Vista 7445x1614",84
"California Scrub-Jay","Bowers Rock SP 44.63102 -123.14555",5
"California Scrub-Jay","Oak Grove School",13
"California Scrub-Jay","Dallas Godsey",6
"California Scrub-Jay","BP36",10
"California Scrub-Jay","45.40649, -121.21816",142
"California Scrub-Jay","Alpine savage ponds",50
"California Scrub-Jay","42.03421 -123.75865",165
"California Scrub-Jay","Airport Rd. Pasture on N",60
"California Scrub-Jay","Riddell 8720x2386",225
"California Scrub-Jay","Decker at Neuman",300
"California Scrub-Jay","KP05",60.3
"California Scrub-Jay","Dallas Church Birch",12
"California Scrub-Jay","45.60448 -122.94470 Storey Creek",106.9
"California Scrub-Jay","Beck 0268x3493",22
"California Scrub-Jay","43.97411 -123.07816 Christensen Rd",123
"California Scrub-Jay","BP23",170
"California Scrub-Jay","BP32",42.8
"California Scrub-Jay","Guthrie 8720x3505",100
"California Scrub-Jay","45.14948 -123.24266 Monroe Landing County Park",72
"California Scrub-Jay","45.45120 -122.90168 SW Farmington Rd",21
"California Scrub-Jay","42.029915,-119.992052",128
"California Scrub-Jay","F10",31
"California Scrub-Jay","Shipley Pool 45.59682 -123.24232",181.9
"California Scrub-Jay","Spring Valley Rd 0153x1274",22
"California Scrub-Jay","44.12922 -122.62000 Spotted Sandpiper",79.5
"California Scrub-Jay","FR01",112
"California Scrub-Jay","WC08",206.6
"California Scrub-Jay","Parrish Gap Rd SE 44.751841 -122.979184",16.4
"California Scrub-Jay","Riddell 8720x2386",300
"California Scrub-Jay","43.85898 -123.03826 Mill Rd",54
"California Scrub-Jay","I-84 45.54784 -122.46883",25
"California Scrub-Jay","42.41943 -123.12982",76
"California Scrub-Jay","I-84 45.53497 -122.45643",90
"California Scrub-Jay","3910 53rd st.",110
"California Scrub-Jay","Mint 0.75",46
"California Scrub-Jay","Anna's Hummingbird 44.069696 -123.152421",68.5
"California Scrub-Jay","Orchard Heights 9655x1093",28
"California Scrub-Jay","WC01",128
"California Scrub-Jay","Wishram and Eagle View Dr. ",42
"California Scrub-Jay","Mc Farland Rd. 338x332",150
"California Scrub-Jay","Independence Hwy 4",270
"California Scrub-Jay","Burgundy 635x263",25
"California Scrub-Jay","45.48086 -122.76760 SW Jamieson Rd",55
"California Scrub-Jay","Fern Corner 8451x3310",90
"California Scrub-Jay","Parker 7966x2161",110
"California Scrub-Jay","West Salem Wallace Park",17
"California Scrub-Jay","OF03",43.8
"California Scrub-Jay","44.80044 -122.73395 Rusty Blackbird",77
"California Scrub-Jay","53rd and Dairy Center",225
"California Scrub-Jay","19l",75
"California Scrub-Jay","MIXD005",35
"California Scrub-Jay","Wells Landing 7827x1413",13
"California Scrub-Jay","44.79883 -122.72758 Rusty Blackbird",189
"California Scrub-Jay","45.60121 -122.94644 Storey Creek",120.9
"California Scrub-Jay","Edison Rd NE 44.972800 -122.779052",52
"California Scrub-Jay","44.97988 -122.72378 Rusty Blackbird",314
"California Scrub-Jay","45.77351, -123.27872",25
"California Scrub-Jay","45.36779 -122.89573 SW Edy Rd",190
"California Scrub-Jay","BS07",81.2
"California Scrub-Jay","BP18",112.4
"California Scrub-Jay","43.036167.-123.547276",149
"California Scrub-Jay","44.06988 -122.80023 McNutt Rd",109
"California Scrub-Jay","NW Fillmore and 25th St. ",30
"California Scrub-Jay","BS10",331.9
"California Scrub-Jay","YOGV10",157.2
"California Scrub-Jay","Heritage 2 44.89691 -122.89127",70
"California Scrub-Jay","45.55053  -121.18353",114
"California Scrub-Jay","Western Gull 44.872238 -123.007005",31
"California Scrub-Jay","BS18",265.1
"California Scrub-Jay","YOMV05",111.5
"California Scrub-Jay","13r",15
"California Scrub-Jay","44.06051 -123.16300 Annas Hummingbird",108
"California Scrub-Jay","SW Brooklane Dr. and SW Brooklane Pl. ",70
"California Scrub-Jay","Hopewell Rd 0550x0814",15
"California Scrub-Jay","43.790385, -122.969562",71
"California Scrub-Jay","BP32",42.8
"California Scrub-Jay","Emperor Goose 45.42229 -122.63760",125
"California Scrub-Jay","Spring Valley 0285x1244",200
"California Scrub-Jay","Oak Knoll Rd 0409x1103",120
"California Scrub-Jay","Simpson 7722x3066",110
"California Scrub-Jay","Bethel Hts Rd 0539x1160",47
"California Scrub-Jay","I-84 45.53712 -122.46686",38
"California Scrub-Jay","Oak Grove 9897x1730",65
"California Scrub-Jay","45.46587 -122.99782 SIC Resevoir",156
"California Scrub-Jay","45.58877 -123.00259 NW Glencoe Rd",48.4
"California Scrub-Jay","23i",65
"California Scrub-Jay","Decker at Decker Ridge Rd. ",400
"California Scrub-Jay","6320 Spring hill",60
"California Scrub-Jay","45.73661 -122.77373 Racetrack Lake",70
"California Scrub-Jay","Rossberg Ln 44.092388 -123.437009",92.3
"California Scrub-Jay","44.63032 -123.14819 Bowers Rock",182
"California Scrub-Jay","SW Curry St 45.49904 -122.68105",75
"California Scrub-Jay","45.33749 -122.68121 Oregon Golf Club",285
"California Scrub-Jay","Cooper Hollow 8545x3242",100
"California Scrub-Jay","44.62856 -123.16129 Bowers Rock",263
"California Scrub-Jay","3344 SW Longhill St. (G6?)",80
"California Scrub-Jay","Dallas Bridlewood 1575",22
"California Scrub-Jay","45.36557 -122.57732 Park Place Park",75
"California Scrub-Jay","River View 7760x1552",400
"California Scrub-Jay","Spring Valley Rd 0544x0941",150
"California Scrub-Jay","Dallas Court",9
"California Scrub-Jay","Alton Baker Park 44.052219 -123.058027",146.3
"California Scrub-Jay","Finn 0134x4710",50
"California Scrub-Jay","YOGV01",135.3
"California Scrub-Jay","BP05",263.3
"California Scrub-Jay","42.91768,-123.48693",163
"California Scrub-Jay","43.027176,-123.548268",90
"California Scrub-Jay","43.45552, -123.35929",102
"California Scrub-Jay","Metge",180
"California Scrub-Jay","2262 Oak Grove",70
"California Scrub-Jay","45.61120 -123.22750 NW Wilson River Hwy",76
"California Scrub-Jay","44.13077, -122.61609",38
"California Scrub-Jay","JF06",119
"California Scrub-Jay","45.14907 -122.72653 Yoder Rd",143
"California Scrub-Jay","42.19834  -121.64735",112
"California Scrub-Jay","43.48738, -123.21966",120
"California Scrub-Jay","Valley Creek Rd 0319x1023",60
"California Scrub-Jay","Hwy 20 597x582",18
"California Scrub-Jay","Gooseneck 0068x4628",160
"California Scrub-Jay","43.274332,-123.424692",45
"California Scrub-Jay","Red-breasted Sapsucker 43.658276 -123.307084",160.9
"California Scrub-Jay","Fillmore and 34th St.",36
"California Scrub-Jay","BPA Carlton Substation 45.285477 -123.141648",36.5
"California Scrub-Jay","Knoll Terrace Ponds",95
"California Scrub-Jay","Bethel Hts Rd 05493x1436",30
"California Scrub-Jay","43.624978, -123.088562",95
"California Scrub-Jay","WC06",245.9
"California Scrub-Jay","Ballston 0667x3154",150
"California Scrub-Jay","Whiteaker 8813x2582",175
"California Scrub-Jay","Ambraham Ln. 0.5",5
"California Scrub-Jay","45.42290 -122.63019 Emperor Goose",64
"California Scrub-Jay","Crowley 9774x2086",40
"California Scrub-Jay","River Rd NE 45.081634 -122.976324",63.9
"California Scrub-Jay","Spring Valley 0465x1069",40
"California Scrub-Jay","YOMV02",78.8
"California Scrub-Jay","45.61862, -121.55684",60
"California Scrub-Jay","Kiger Island Dr. 1.5",120
"California Scrub-Jay","w Ingram Island Rd. 0.1",125
"California Scrub-Jay","Gooseneck 0069x4410",180
"California Scrub-Jay","45.22179 -121.08205",42
"California Scrub-Jay","SE Flavel St 45.47116 -122.59050",150
"California Scrub-Jay","45.68035 -122.83118 Hutton's Vireo",163
"California Scrub-Jay","Parrish Gap Rd SE 44.751841 -122.979184",34.7
"California Scrub-Jay","BP09",265
"California Scrub-Jay","Mint 0.75",46
"California Scrub-Jay","Bewick's Wren 45.871127 -122.866568",38
"California Scrub-Jay","Sand Ridge Cemetry 44.50866 -122.97816",250
"California Scrub-Jay","Metge 0.5",60
"California Scrub-Jay","BP25",NA
"California Scrub-Jay","42.12482, -123.60310",92
"California Scrub-Jay","45.45119 -122.90445 SW Farmington Rd",104
"California Scrub-Jay","45.61862, -121.55684",56
"California Scrub-Jay","45.31741 -122.89861 Parrett Mountain Airport",268
"California Scrub-Jay","Doane Creek 0307x5066",75
"California Scrub-Jay","Bellfountain at beginning of hill",250
"California Scrub-Jay","EE Wilson 691x211",150
"California Scrub-Jay","Brown 9978x3719",100
"California Scrub-Jay","42.24134, -122.79258",147
"California Scrub-Jay","Tickle Creek 45.41508 -122.34197",40
"California Scrub-Jay","42.24102  -121.78869",89
"California Scrub-Jay","Brown 9960x3856",175
"California Scrub-Jay","YOGV01",135.3
"California Scrub-Jay","Mc Farland Rd. Wetland ",162
"California Scrub-Jay","1370 NW Seavy Ln. ",33
"California Scrub-Jay","Reuben Boise 9583x3800",125
"California Scrub-Jay","Kyle and Webb Dr. ",40
"California Scrub-Jay","44.137064, -123.027905",170
"California Scrub-Jay","Dykstra 350x365",44
"California Scrub-Jay","SE Flavel St 45.46324 -122.59720",12
"California Scrub-Jay","2518 Newton St. ",8
"California Scrub-Jay","Pettibone Drive 0.0",200
"California Scrub-Jay","3344 SW Longhill St. (G6?)",80
"California Scrub-Jay","ZF02",60
"California Scrub-Jay","42.42699 -123.07433",307
"California Scrub-Jay","MIXD005",100
"California Scrub-Jay","45.30609 -122.89053 Parrett Mountain Airport",219
"California Scrub-Jay","45.33691 -122.67837 Oregon Golf Club",115
"California Scrub-Jay","BP19",224
"California Scrub-Jay","YOMV08",167.3
"California Scrub-Jay","Buena Vista 7684x1479",75
"California Scrub-Jay","Falcated Duck 44.137012 -123.026304",103.9
"California Scrub-Jay","Mixed oak-fir woods/savannah yards. ",75
"California Scrub-Jay","Bursell 8754x3017",75
"California Scrub-Jay","45.26492 -122.29965 Killdeer",152
"California Scrub-Jay","45.42778 -122.63184 Emperor Goose",135
"California Scrub-Jay","E10",250
"California Scrub-Jay","BP10",256.9
"California Scrub-Jay","BP25",202
"California Scrub-Jay","44.137075, -123.032697",45
"California Scrub-Jay","45.14512 -123.24017 Monroe Landing County Park",202
"California Scrub-Jay","FR11",101.8
"California Scrub-Jay","BP48",128
"California Scrub-Jay","BP21",76.8
"California Scrub-Jay","Hill Rd Lane 44.101585 -122.954855",32.8
"California Scrub-Jay","42.23472, -122.78514",110
"California Scrub-Jay","42.17462, -123.04617",5
"California Scrub-Jay","30p",220
"California Scrub-Jay","Zena Rd 0358x1847",12
"California Scrub-Jay","30736 Bellfountain Rd. ",60
"California Scrub-Jay","44.17199 -123.36460 Pacific Wren",221
"California Scrub-Jay","2518 Newton St. ",15
"California Scrub-Jay","Greater Scaup 46.12731 -123.37313",70.8
"California Scrub-Jay","West Salem 2304 Rogers",150
"California Scrub-Jay","22m",30
"California Scrub-Jay","Shimanek Bridge Dr.44.71407 -122.78187",150
"California Scrub-Jay","55th 9405x1422",12
"California Scrub-Jay","Fawn Ridge Dr.",45
"California Scrub-Jay","Scenic Dr. 0.4",90
"California Scrub-Jay","Fishback 8354x3170",150
"California Scrub-Jay","EE Wilson 701x209",130
"California Scrub-Jay","42.17142  -121.72264",110
"California Scrub-Jay","Fir Villa 9298x2810",160
"California Scrub-Jay","44.36243, -121.78781",120
"California Scrub-Jay","45.36792 -12290382 SW Edy Rd",122
"California Scrub-Jay","Wiles and Rifle Range Roads",50
"California Scrub-Jay","Shimanek Bridge Dr. 44.71403 -122.77605",42
"California Scrub-Jay","Independence G and RR",225
"California Scrub-Jay","Norton Creek Rd. 601x508",250
"California Scrub-Jay","EE Wilson 696x199",155
"California Scrub-Jay","Territorial Hwy 307x295",42
"California Scrub-Jay","Airport Rd. Mile 2",210
"California Scrub-Jay","Bellfountain at 30584",25
"California Scrub-Jay","42.31258, -123.22939",37
"California Scrub-Jay","BP42",123.4
"California Scrub-Jay","New gate ",37
"California Scrub-Jay","22m",100
"California Scrub-Jay","43.97411 -123.07816 Christensen Rd",250
"California Scrub-Jay","Dallas Marionberry",200
"California Scrub-Jay","Inavele Fire substation - Ed Jorgensen",180
"California Scrub-Jay","44.63123 -123.14282 Bowers Rock",98
"California Scrub-Jay","45.36065 -122.77175 SW Norwood Rd",62.1
"California Scrub-Jay","42.18090  -121.73692",24
"California Scrub-Jay","WC07",43
"California Scrub-Jay","F7",39
"California Scrub-Jay","River View 7823x1516",71
"California Scrub-Jay","43.85898 -123.03826 Mill Rd",54
"California Scrub-Jay","Bursell 8754x3017",65
"California Scrub-Jay","Simpson 7711x2427",6
"California Scrub-Jay","Rose City Golf Course 45.53711 -122.59273",90
"California Scrub-Jay","West Salem Fernwood Court",29
"California Scrub-Jay","BH04",6.4
"California Scrub-Jay","Midway Farms ",150
"California Scrub-Jay","YOMV07",53.9
"California Scrub-Jay","NehalemHwy 45.98444 -123.24589",119.7
"California Scrub-Jay","Elkins 7929x3443",205
"California Scrub-Jay","43.65829 -123.30613 Red-breasted Sapsucker",212
"California Scrub-Jay","Independence D Street and 2nd",150
"California Scrub-Jay","Metge",250
"California Scrub-Jay","42.18757, -123.22123",110
"California Scrub-Jay","45.61862, -121.55684",75
"California Scrub-Jay","45.61120 -123.22750 NW Wilson River Hwy",93
"California Scrub-Jay","Golden Valley 44.54193 -122.52707",175
"California Scrub-Jay","Old River Road 0.5",250
"California Scrub-Jay","Beck 0268x3493",22
"California Scrub-Jay","Bethel Rd 0430x1946",280
"California Scrub-Jay","44.06678 -122.80460 McNutt Rd",17
"California Scrub-Jay","Monmouth Whitman Street",32
"California Scrub-Jay","Winderlea Vineyard and Winery 45.279464 -123.032431",34.7
"California Scrub-Jay","Brooks Road 45.855540 -122.901286",113.3
"California Scrub-Jay","42.31995, -123.26920",204
"California Scrub-Jay","Rose City Golf Course 45.54752 -122.58185",8
"California Scrub-Jay","Frizzel 0134x2043",5
"California Scrub-Jay","45.45078 -122.89861 SW Farmington Rd",139
"California Scrub-Jay","45.61946 -123.22743 NW Wilson River Hwy",185
"California Scrub-Jay","44.13077, -122.61609",38
"California Scrub-Jay","Prairie Rd 44.145405 -123.174562",217.6
"California Scrub-Jay","Top of hill Bruce Rd. ",400
"California Scrub-Jay","BP06",NA
"California Scrub-Jay","Peoria Rd 44.32827 -123.18236",50
"California Scrub-Jay","EE Wilson 708x201",92
"California Scrub-Jay","Cherry Creek Rd. 3.25",68
"California Scrub-Jay","Oakville Rd SW 44.55665 -123.16051",65
"California Scrub-Jay","WC03",NA
"California Scrub-Jay","44.13022 -122.61593 Spotted Sandpiper",22.8
"California Scrub-Jay","Cherry Creek Rd. 3.6",12
"California Scrub-Jay","43.41245, -123.43575",30
"California Scrub-Jay","BP43",83
"California Scrub-Jay","45.36753 -122.90686 SW Edy Rd",252
"California Scrub-Jay","South Fork Rd. 0.5",17
"California Scrub-Jay","Wiles and Rifle Range Roads",141
"California Scrub-Jay","42.18204, -123.04466",45
"California Scrub-Jay","Bellfountain at Finley Oak Savannah",80
"California Scrub-Jay","43.79257, -122.97679",150
"California Scrub-Jay","FR19",110
"California Scrub-Jay","Rosecrest",150
"California Scrub-Jay","44.17014 -123.36375 Pacific Wren",135
"California Scrub-Jay","Liberty 8588x3835",5
"California Scrub-Jay","44.056493, -122.797110",125
"California Scrub-Jay","43.85498 -123.04243 Mill Rd",88
"California Scrub-Jay","Rose City Golf Course 45.53818 -122.59936",77
"California Scrub-Jay","TH04",NA
"California Scrub-Jay","FR19",42
"California Scrub-Jay","Zena Rd 0358x1847",12
"California Scrub-Jay","Independence 12th Street",120
"California Scrub-Jay","FR14",107.8
"California Scrub-Jay","Bethel Hts Rd 0575x1003",13
"California Scrub-Jay","SW Curry St 45.49859 -122.67900",30
"California Scrub-Jay","42.41180, -122.96349",141
"California Scrub-Jay","45.57871 -122.80232 NW Germantown Rd",85.8
"California Scrub-Jay","Hurlburt Road 0.5",160
"California Scrub-Jay","44.79950 -122.73019 Rusty Blackbird",99
"California Scrub-Jay","45.58897 -123.00648 NW Glencoe Rd",93.2
"California Scrub-Jay","Independence D Street and 7th",80
"California Scrub-Jay","Western Gull 44.875319 -123.005403",37.4
"California Scrub-Jay","Bellfountain at 30584",65
"California Scrub-Jay","BP46",160
"California Scrub-Jay","42.36801, -122.55471",267
"California Scrub-Jay","WC03",NA
"California Scrub-Jay","45.28284 -122.80457 NE Denbrook Rd",92.3
"California Scrub-Jay","NE Boones Ferry Rd 45.179541 -122.830889",20.7
"California Scrub-Jay","44.06565 -123.16341 Annas Hummingbird",47
"California Scrub-Jay","45.45578 -122.90245 SW Farmington Rd",52
"California Scrub-Jay","44.62856 -123.16129 Bowers Rock",263
"California Scrub-Jay","4r",18
"California Scrub-Jay","43.65783 -123.30324 Red-breasted Sapsucker",130
"California Scrub-Jay","42.12037, -123.5301",123
"California Scrub-Jay","Frank 0354x3960",58
"California Scrub-Jay","Eagle Crest 9707x1292",250
"California Scrub-Jay","45.46026 -122.90425 SW Farmington Rd",84
"California Scrub-Jay","Cardwell Hill Rd. 592x394",90
"California Scrub-Jay","44.06652 -123.15810 Annas Hummingbird",76
"California Scrub-Jay","Enterprise 0112x3489",65
"California Scrub-Jay","44.101781, -122.952903",46
"California Scrub-Jay","42.58467, -122.70405",251
"California Scrub-Jay","42.312569,-123.775927",60
"California Scrub-Jay","44.424609 -119.266810",38
"California Scrub-Jay","Falcated Duck 44.137012 -123.026304",123
"California Scrub-Jay","Whiteaker 8762x2447",250
"California Scrub-Jay","BP28",218.5
"California Scrub-Jay","Lincoln St 44.841631 -122.869456",43.8
"California Scrub-Jay","42.18757, -123.22123",12
"California Scrub-Jay","42.66692 -122.74620 ",49
"California Scrub-Jay","HP Stewart Lake",17
"California Scrub-Jay","Burgundy 635x263",90
"California Scrub-Jay","West Salem Mule Deer",40
"California Scrub-Jay","Independence Main and Grand",90
"California Scrub-Jay","42.41943 -123.12982",50
"California Scrub-Jay","Ellendale 9155x3723",25
"California Scrub-Jay","44.02848 -122.92126 Weyerhauser Rd",135
"California Scrub-Jay","Buena Vista 8071x1596",175
"California Scrub-Jay","Buena Vista 8305x1812",20
"California Scrub-Jay","WC03",NA
"California Scrub-Jay","West Salem 2304 Rogers",41
"California Scrub-Jay","45.59227 -122.99445 NW Glencoe Rd",198.5
"California Scrub-Jay","BH06",103.3
"California Scrub-Jay","Bowers Rock Sp 44.6312 -123.1428",150
"California Scrub-Jay","Finley at pasture pullout",60
"California Scrub-Jay","Ryals 0.8",195
"California Scrub-Jay","Shimanek Bridge Rd. 44.71365 -122.76553",31
"California Scrub-Jay","Mc Farland Rd. 333x331",200
"California Scrub-Jay","Clearlake Rd 44.102936 -123.264866",83.2
"California Scrub-Jay","Golden Valley 44.54124 -122.83477",250
"Song Sparrow","Metge",98
"Song Sparrow","43.005281  -124.217073",85
"Song Sparrow","42.929409  -124.105466",85
"Song Sparrow","Wigrich 8033x1033",60
"Song Sparrow","Shingle Creek Rd. 4.0",60
"Song Sparrow","Dykstrn to Bellfountain",62
"Song Sparrow","ZF05",26
"Song Sparrow","44.147502, -122.944730",42
"Song Sparrow","Emperor Goose 45.42974 -122.62821",15
"Song Sparrow","13j",40
"Song Sparrow","42.989513,-123.701211",20
"Song Sparrow","NW Deer Run St. ",14
"Song Sparrow","FR04",87
"Song Sparrow","44.65259, -120.68449",105
"Song Sparrow","45.24868 -122.73521 S Anderson Rd",207
"Song Sparrow","43.01425  -124.44844",108
"Song Sparrow","Ryals 0.8",136
"Song Sparrow","43.94940 -122.97913 Place Rd",44
"Song Sparrow","44.01053 -122.64452 Little Fall Creek",31
"Song Sparrow","45.031240, -122.043583",44
"Song Sparrow","Zena Forest 0045x1652",70
"Song Sparrow","Tum Tum Rd. 5.0 bridge",6
"Song Sparrow","42.98960  -123.86911",110
"Song Sparrow","Dawson Rd. 363x369",31
"Song Sparrow","Alexander Rd. 2.5",12
"Song Sparrow","Old River Road 346x268",24
"Song Sparrow","44.62963 -123.16289 Bowers Rock",211
"Song Sparrow","Guerber Ln. west end",83
"Song Sparrow","Smithfield 9835x2483",12
"Song Sparrow","45.36788 -122.90034 SW Edy Rd",106
"Song Sparrow","43.863417,-123.919495",50
"Song Sparrow","Ryals and Hwy 99W",150
"Song Sparrow","44.15179, -122.32001",172
"Song Sparrow","Band-tailed Pigeon 45.65636 -123.28952",17.8
"Song Sparrow","42.48184, -123.18220",25
"Song Sparrow","45.76464, -123.63953",90
"Song Sparrow","43.16061  -123.99538",135
"Song Sparrow","43.59047, -123.35497",75
"Song Sparrow","45.36557 -122.57732 Park Place Park",132
"Song Sparrow","Zena Forest 0010x1524",40
"Song Sparrow","Elliott 9020x3122",25
"Song Sparrow","9125 Spring hill",8
"Song Sparrow","42.15794 -122.48509",79
"Song Sparrow","44.12555  -120.27848",269
"Song Sparrow","Rosecrest",110
"Song Sparrow","Valsetz 8587x6706",40
"Song Sparrow","JSF02",119.2
"Song Sparrow","Finn 0134x4710",300
"Song Sparrow","45.49311 -122.42769 E Powell Blvd",43
"Song Sparrow","Green Peak Rd. ",75
"Song Sparrow","43.46254, -123.23425",170
"Song Sparrow","Pugh Landing Strip 44.47553 -123.13863",300
"Song Sparrow","Prairie Mtn. Rd. 3.25",4
"Song Sparrow","44.01435, -123.98035",12
"Song Sparrow","31r",150
"Song Sparrow","44.05649 -122.79832 McNutt Rd",256
"Song Sparrow","Enterprise 0130x3379",13
"Song Sparrow","BLM 10 448x594",110
"Song Sparrow","43.16061  -123.99538",170
"Song Sparrow","4-H 0049x1529",35
"Song Sparrow","17j",14
"Song Sparrow","EE Wilson 706x212",9
"Song Sparrow","Valsetz 8469x6725",40
"Song Sparrow","H01",114.3
"Song Sparrow","42.277502  -124.298235",51
"Song Sparrow","45.87656 -123.31884",65
"Song Sparrow","21c",100
"Song Sparrow","35th and Oak Creek ",30
"Song Sparrow","44.64746, -123.77142",40
"Song Sparrow","Mill Creek 9857x4279",120
"Song Sparrow","43.48070  -124.05025",79
"Song Sparrow","Dart Creek Road 45.884580 -122.868269",32
"Song Sparrow","Scappoose Bay 45.833665 -122.836118",64
"Song Sparrow","43.60015,-123.20547",242
"Song Sparrow","45.98671 -123.49428",70
"Song Sparrow","45.87585 -123.30586",60
"Song Sparrow","Storey 7322x3567",125
"Song Sparrow","Zumwalt-Imnaha Rd 45.42605 -117.00826",34
"Song Sparrow","E Ingram Island Place 3",15
"Song Sparrow","EE Wilson 702x211",13
"Song Sparrow","Elk Creek Rd 43.635438 -123.218272",87.7
"Song Sparrow","45.65476 -123.05137 Willow Flycatcher",131.6
"Song Sparrow","42.85928  -118.91274",166
"Song Sparrow","4m",40
"Song Sparrow","6r",85
"Song Sparrow","CR06",53.9
"Song Sparrow","43.123901  -124.126284",55
"Song Sparrow","Elk Creek Rd 43.638021 -123.217011",61.2
"Song Sparrow","35955 Hwy 223",5
"Song Sparrow","42.14475, -123.59352",84
"Song Sparrow","45.25186 -122.72714 S Anderson Rd",211
"Song Sparrow","43.64861,-123.87540",61
"Song Sparrow","45.69928, -121.57448",75
"Song Sparrow","43.66818,-123.99742",266
"Song Sparrow","SEM03",18.2
"Song Sparrow","43.94771 -122.79801 Place Rd",79
"Song Sparrow","FR13",102.4
"Song Sparrow","Gooseneck 0065x4718",14
"Song Sparrow","H06",111.5
"Song Sparrow","43.783481,-123.8914151",200
"Song Sparrow","FR08",125.2
"Song Sparrow","Parrish Gap Rd SE 44.749548 -122.981006",70.4
"Song Sparrow","Xantu's Murrelet 43.908676 -123.084531",53.9
"Song Sparrow","Brooks Road 45.855540 -122.901286",67.6
"Song Sparrow","43.94771 -122.79801 Place Rd",257
"Song Sparrow","9n",35
"Song Sparrow","Seeley Creek Rd. 0.0",90
"Song Sparrow","Old River at Ingram Island",40
"Song Sparrow","Marys Creek 46.16881 -123.67372",152
"Song Sparrow","YOMV03",21
"Song Sparrow","Ingram Rd 44.45432 -122.82999",160
"Song Sparrow","WC13",78.8
"Song Sparrow","43.12445, -121.16238",140
"Song Sparrow","Price Creek Road 1.25",60
"Song Sparrow","42.58184, -123.02610",45
"Song Sparrow","BH10",57.6
"Song Sparrow","Alsea Hwy 3.0",15
"Song Sparrow","Falcated Duck 44.137071 -123.042420",124.8
"Song Sparrow","Pleasant View 605x376",24
"Song Sparrow","LLV 6.4 bridge",46
"Song Sparrow","I-84 45.53682 -122.45750",110
"Song Sparrow","15r",90
"Song Sparrow","20i",2
"Song Sparrow","45.37139 -122.57141 Park Place Park",131
"Song Sparrow","SE Flavel St 45.46324 -122.59720",45
"Song Sparrow","45.09953 -122.85629 Miller Rd NE",161
"Song Sparrow","CR32",39.3
"Song Sparrow","Beaver Creek 431x425",96
"Song Sparrow","Oliver Creek 365x413",29
"Song Sparrow","6n",8
"Song Sparrow","Bellfountain EMB",20
"Song Sparrow","45.33749 -122.68121 Oregon Golf Club",196
"Song Sparrow","Gage 7343x5075",38
"Song Sparrow","45.92942 -123.15636",25
"Song Sparrow","Mill Creek 9851x4303",40
"Song Sparrow","Old River Road 0.5",106
"Song Sparrow","Gooseneck 0054x5153",56
"Song Sparrow","18y",20
"Song Sparrow","44.98328 -123.04098 Cinnamon Teal",124
"Song Sparrow","WC11",114.3
"Song Sparrow","20l",40
"Song Sparrow","Goracke Road gate",26
"Song Sparrow","Tip Davis Creek Rd 43.77422 -123.33510",59.9
"Song Sparrow","SEM03",34.7
"Song Sparrow","SE Flavel St 45.46324 -122.59720",15
"Song Sparrow","Coville 9616x2548",350
"Song Sparrow","Maple Grove 7739x3699",40
"Song Sparrow","Wiley Ln 46.14362 -123.75417",156
"Song Sparrow","YOMV06",187.2
"Song Sparrow","31p",160
"Song Sparrow","Airport at deerhaven dr. ",40
"Song Sparrow","Veery 45.48576 -116.91773",58
"Song Sparrow","Upper Luckiamute Rd. 0.0",90
"Song Sparrow","43.81615, -123.63171",39
"Song Sparrow","Zena Forest 0063x1604",110
"Song Sparrow","Fishback 8348x3282",9
"Song Sparrow","Alsea Hwy 6.5 clearcut sough",60
"Song Sparrow","EE Wilson 697x211",60
"Song Sparrow","Rifle Range 701x254",79
"Song Sparrow","West Salem Mule Deer",27
"Song Sparrow","Norton Creek 635x512",44
"Song Sparrow","Devitt Rd 630x538",60
"Song Sparrow","42.48578, -123.17953",65
"Song Sparrow","44.01358, -123.98232",75
"Song Sparrow","18l",20
"Song Sparrow","43.64788,-124.09688",243
"Song Sparrow","Bethel Hts Rd 0513x1246",80
"Song Sparrow","45.14825 -122.73858 Yoder Rd",291
"Song Sparrow","44.35874  -120.48891",320
"Song Sparrow","West Perrydale 0394x3829",125
"Song Sparrow","Ambraham Ln. 0.5",240
"Song Sparrow","42.18797  -124.13137",52
"Song Sparrow","45.76838 -122.89520 Apple Valley Rd",42
"Song Sparrow","45.28960, -123.68401",8
"Song Sparrow","Grover Rd. 622x535",38
"Song Sparrow","45.70012, -121.66844",29
"Song Sparrow","44.15816, -123.70927",90
"Song Sparrow","Dunn Forest Rd. 190 715x334",27
"Song Sparrow","45.45878, -123.67514",80
"Song Sparrow","45.73866 -122.77398 Racetrack Lake",63
"Song Sparrow","South Fork Rd. 3.5",70
"Song Sparrow","43.16580  -123.98940",135
"Song Sparrow","42.02029  -124.23339",142
"Song Sparrow","43.63242,-123.09638",240
"Song Sparrow","Honey Grove Rd. clearcut northeast",65
"Song Sparrow","Livermore 0158x2485",260
"Song Sparrow","44.63087 -123.15772 Bowers Rock",55
"Song Sparrow","44.34203  -120.92683",75
"Song Sparrow","44.88155 -122.75220 Silver Falls Hwy SE",79
"Song Sparrow","Independence James Street",95
"Song Sparrow","45.94002 -123.04729",125
"Song Sparrow","45.33733 -122.67490 Oregon Golf Club",126
"Song Sparrow","NF 3412",30
"Song Sparrow","SW Curry St 45.49904 -122.68105",80
"Song Sparrow","45.24007 -123.39510 Deer Creek Yamhill",112
"Song Sparrow","45.14008 -123.65455 Yoncalla Creek",187
"Song Sparrow","42.74079  -121.83367",90
"Song Sparrow","44.827738, -122.379112",42
"Song Sparrow","5005 SW Nash Ave. ",70
"Song Sparrow","Brooks Road 45.85559 -122.90263",92
"Song Sparrow","Burbank 7436x4549",22
"Song Sparrow","BP03",159.1
"Song Sparrow","45.73172 -123.21954 NW Scofield Rd",78.6
"Song Sparrow","Some Road 375x469",70
"Song Sparrow","43.1303,-123.77608",138
"Song Sparrow","42.76017, -117.03664",119
"Song Sparrow","EE Wilson 689x210",27
"Song Sparrow","43.74436, -117.66907",40
"Song Sparrow","West Salem Engel",34
"Song Sparrow","42.60187  -121.78285",19
"Song Sparrow","EE Wilson 714x214",80
"Song Sparrow","43.62794,-123.08829",168
"Song Sparrow","28m",22
"Song Sparrow","Simpson 7802x2892",150
"Song Sparrow","Kings Valley Cemetery Rd. ",27
"Song Sparrow","Price Creek Road 1.0",36
"Song Sparrow","42.73885  -121.83598",40
"Song Sparrow","43.70967  -118.79915",30
"Song Sparrow","BS13",76.8
"Song Sparrow","18l",30
"Song Sparrow","7x",23
"Song Sparrow","42.926306  -124.111993",127
"Song Sparrow","West Salem 1050 Windemere",80
"Song Sparrow","Harley Rd 45.48967 -117.45717",223
"Song Sparrow","Woods Creek Rd. 3.5",30
"Song Sparrow","Xantu's Murrelet 43.907788 -123.080568",120.7
"Song Sparrow","12s",60
"Song Sparrow","43.43642, -123.09075",43
"Song Sparrow","44.63032 -123.14819 Bowers Rock",210
"Song Sparrow","44.62471,-118.57664",93
"Song Sparrow","45.47036, -119.35818",163
"Song Sparrow","44.21264, -123.72447",37
"Song Sparrow","43.94756 -122.80265 Place Rd",173
"Song Sparrow","45.35377 -122.78367 SW Norwood Rd",77.7
"Song Sparrow","45.14573 -123.36140 Gopher Valley Rd",181
"Song Sparrow","Smith 7948x3129",35
"Song Sparrow","44.62494,-118.58203",123
"Song Sparrow","44.27002 -117.99212",70
"Song Sparrow","Valsetz 8469x6725",15
"Song Sparrow","43.048990  -124.149606",85
"Song Sparrow","43.94979, -122.78893",39
"Song Sparrow","Decker at small xmas tree farm to N? maybe fir plantation",65
"Song Sparrow","44.64843, -123.76729",14
"Song Sparrow","2q",4
"Song Sparrow","45.61349, -121.56137",48
"Song Sparrow","45.61071, -121.55532",71
"Song Sparrow","Mc Farland Rd. 346x333",90
"Song Sparrow","Alsea Hwy 7.5 clearcut east",30
"Song Sparrow","23x",42
"Song Sparrow","Andrea 9399x1154",35
"Song Sparrow","JSF03",203.9
"Song Sparrow","43.71703,-119.63176",58
"Song Sparrow","Upper Luckiamute Rd. 0.5",45
"Song Sparrow","BP52",177
"Song Sparrow","45.55021  -121.18173",110
"Song Sparrow","42.55579, -122.73302",202
"Song Sparrow","Harris Rd. 582x446",22
"Song Sparrow","44.46553,-118.66406",148
"Song Sparrow","Smith Loop slough",12
"Song Sparrow","Winney 378x657 clearcuts",27
"Song Sparrow","44.15499, -122.33791",37
"Song Sparrow","Buena Vista 7445x1614",19
"Song Sparrow","43.94543, -124.14350",40
"Song Sparrow","29u",3
"Song Sparrow","Smithfield 9833x2284",27
"Song Sparrow","45.28789 -122.79520 NE Denbrook Rd",79.5
"Song Sparrow","5445 Elliott Circle",75
"Song Sparrow","Abercrombie Creek 46.10095 -123.87343",33
"Song Sparrow","YOMV05",151.7
"Song Sparrow","12f",15
"Song Sparrow","S01",160
"Song Sparrow","LSNA 7439x1345",15
"Song Sparrow","43.52573  -124.01201",75
"Song Sparrow","44.87514 -122.75275 Silver Falls Hwy SE",132
"Song Sparrow","Heritage 2 44.89691 -122.89127",35
"Song Sparrow","45.24871 -122.73810 S Anderson Rd",30
"Song Sparrow","45.51959, -121.57848",70
"Song Sparrow","45.09457 -122.85632 Miller Rd NE",164
"Song Sparrow","44.64859, -120.68334",160
"Song Sparrow","44.16324 -123.36115 Pacific Wren",160
"Song Sparrow","45.36845 -123.01689 SE Bald Peak Rd",86
"Song Sparrow","YOMV09",251.4
"Song Sparrow","Marys River Rd. 4",90
"Song Sparrow","G12",250
"Song Sparrow","38943 Upper Luckiamute Rd. ",52
"Song Sparrow","BPA Carlton Substation 45.277196 -123.140615",128
"Song Sparrow","17g",75
"Song Sparrow","22u",150
"Song Sparrow","Airlie 7441x2502",200
"Song Sparrow","43.93390 -122.91469 Papenfus Rd",49
"Song Sparrow","Godias Creek OUT 45.46950 -116.79315",54
"Song Sparrow","Beaver Creek 438x410",16
"Song Sparrow","Seeley Creek 44.27321 -122.86140",120.5
"Song Sparrow","LSNA 7423x1341",30
"Song Sparrow","45.91950, -118.82548",60
"Song Sparrow","43.95602, -124.13726",22
"Song Sparrow","45.40823, -123.86907",76
"Song Sparrow","43.00915  -124.44213",198
"Song Sparrow","45.40668, -118.29746",125
"Song Sparrow","Sand Ridge Cemetry 44.51049 -122.98306",133
"Song Sparrow","WC17",73.1
"Song Sparrow","Beck 0258x3175",105
"Song Sparrow","45.31686 -122.90446 Parrett Mountain Airport",73
"Song Sparrow","Orchard Heights 9701x1537",65
"Song Sparrow","Pedee Creek 7556x4400",10
"Song Sparrow","w Ingram Island 0.5",15
"Song Sparrow","TS02",NA
"Song Sparrow","42.11215 -120.67522",135
"Song Sparrow","45.37040 -122.56709 Park Place Park",42
"Song Sparrow","FR11",101.4
"Song Sparrow","43.94097, -124.14362",30
"Song Sparrow","Williams Rd. 318x373",31
"Song Sparrow","30vvvv",20
"Song Sparrow","13s",30
"Song Sparrow","45.48159 -122.76451 SW Jamieson Rd",178
"Song Sparrow","Prairie Rd 44.149579 -123.180633",43.8
"Song Sparrow","LM03",82.2
"Song Sparrow","YOMV02",129.8
"Song Sparrow","45.28595 -122.79868 NE Denbrook Rd",65.8
"Song Sparrow","45.33524 -122.67673 Oregon Golf Club",226
"Song Sparrow","45.40465, -122.12920",90
"Song Sparrow","42.41162, -123.45736",261
"Song Sparrow","45.28624, -123.50596",95
"Song Sparrow","43.576517  -124.187749",68
"Song Sparrow","42.86479,-123.58398",109
"Song Sparrow","45.12217 -123.02188 SE Grand Island Loop",27
"Song Sparrow","Hwy 223 8.5",27
"Song Sparrow","23k",90
"Song Sparrow","Jefferson Scio Dr. 44.71151 -122.87112",150
"Song Sparrow","East Grossman Creek 45.79920 -117.52905",10
"Song Sparrow","Hwy 223 at Price Creek Rd. ",38
"Song Sparrow","Bowersville 9192x2579",15
"Song Sparrow","44.84606 -122.65641 Smith Creek Marion",87
"Song Sparrow","Greenberry X",30
"Song Sparrow","18tttt",12
"Song Sparrow","42.573460  -124.344009",57
"Song Sparrow","Alsea Hwy 1.0",42
"Song Sparrow","43.74995 -123.32994",27
"Song Sparrow","18o",65
"Song Sparrow","45.14573 -123.36140 Gopher Valley Rd",189
"Song Sparrow","Zena Forest 0014x1625",50
"Song Sparrow","Greenberry - muddy creek",80
"Song Sparrow","WC07",100
"Song Sparrow","45.46498 -122.99375 SIC Resevoir",127
"Song Sparrow","43.97394 -123.08485 Christensen Rd",83
"Song Sparrow","45.28536 -122.46183 S Steiner Rd",89.6
"Song Sparrow","YOGV12",145.3
"Song Sparrow","SW Curry St 45.49798 -122.68066",40
"Song Sparrow","17s",80
"Song Sparrow","Liberty 8588x3835",35
"Song Sparrow","Youngs River 46.08997 -123.75503",136
"Song Sparrow","45.33276, -118.71964",35
"Song Sparrow","45.65469, -118.90519",238
"Song Sparrow","FR08",75.8
"Song Sparrow","Alpine Road railroad",79
"Song Sparrow","42.577835  -124.336430",81
"Song Sparrow","45.15245 -122.72351 Yoder Rd",74
"Song Sparrow","GasPipelineRoad 46.10784 -123.24744",44.8
"Song Sparrow","28k",19
"Song Sparrow","Dallas Bridlewood 1575",110
"Song Sparrow","Smith 7992x3151",75
"Song Sparrow","Burgundy 635x263",85
"Song Sparrow","42.88975  -118.88249",34
"Song Sparrow","Bursell 8671x2440",40
"Song Sparrow","Irish Bend slough",15
"Song Sparrow","43.01425  -124.44844",156
"Song Sparrow","Little Sheep Creek 45.39916 -117.01351",49
"Song Sparrow","MARS003",47
"Song Sparrow","Hwy 20",215
"Song Sparrow","Bellfountain Rd. 313x361",59
"Song Sparrow","45.15245 -122.72351 Yoder Rd",126
"Song Sparrow","2q",60
"Song Sparrow","43.141822,-123.255026",100
"Song Sparrow","21x",22
"Song Sparrow","45.19169, -122.17465",104
"Song Sparrow","45.25840, -123.66241",92
"Song Sparrow","4q",20
"Song Sparrow","27k",100
"Song Sparrow","45.41698, -118.37385",23
"Song Sparrow","43.66494,-123.99532",87
"Song Sparrow","Price Creek Road 1.5",65
"Song Sparrow","44.01939, -123.90663",60
"Song Sparrow","Green Peak Rd. 1.0",60
"Song Sparrow","23y",12
"Song Sparrow","42.737981  -124.403880",88
"Song Sparrow","Glandon Co Rd. gate",60
"Song Sparrow","Prairie Rd 44.147926 -123.175967",61.2
"Song Sparrow","11l",30
"Song Sparrow","Broadmead 0551x2721",9
"Song Sparrow","OF06",27.4
"Song Sparrow","45.72965 -123.21858 NW Scofield Rd",94.1
"Song Sparrow","45.31686 -122.90446 Parrett Mountain Airport",25
"Song Sparrow","Jefferson Scion Dr. 44.71135 -122.88389",42
"Song Sparrow","42.10825 -120.67545",25
"Song Sparrow","EE Wilson 702x211",51
"Song Sparrow","Wildwood 7327x5207",80
"Song Sparrow","Tampico  clearcut south",90
"Song Sparrow","43.27328  -123.80984",38
"Song Sparrow","Greenwood 9489x1815",41
"Song Sparrow","Peoria Rd 44.32900 -123.18405",200
"Song Sparrow","I-84 45.53747 -122.45551",30
"Song Sparrow","EE Wilson 718x212",30
"Song Sparrow","Zena Rd 0149x1176",25
"Song Sparrow","Brown 9984x3610",75
"Song Sparrow","FR18",192.9
"Song Sparrow","Bellfountain and Starr Creek Rd. ",25
"Song Sparrow","Shumway Rd 43.738645 -118.081711",67
"Song Sparrow","Long Road",26
"Song Sparrow","45.33815 -122.66930 Oregon Golf Club",102
"Song Sparrow","44.31057, -123.85812",31
"Song Sparrow","Alton Baker Park 44.054227 -123.060580",119.7
"Song Sparrow","43.005281  -124.217073",97
"Song Sparrow","Dykstrn to Bellfountain",18
"Song Sparrow","45.94044 -123.39503",15
"Song Sparrow","25x",210
"Song Sparrow","42.88409  -118.88422",136
"Song Sparrow","45.76682 -122.89240 Apple Valley Rd",110
"Song Sparrow","Marys River Rd. 4.5",6
"Song Sparrow","Bridgeport 8559x4200",20
"Song Sparrow","Three Lakes Rd  SE 44.59513 -123.05928",182
"Song Sparrow","OAKW002",35
"Song Sparrow","Finley at pullout by marsh",15
"Song Sparrow","EastmanRoad 46.00334 -123.23753",30.1
"Song Sparrow","Buena Vista 8215x1655",40
"Song Sparrow","23v",70
"Song Sparrow","1q",100
"Song Sparrow","42.19545, -123.21312",25
"Song Sparrow","Bethel Rd 0431x2067",57
"Song Sparrow","ZF09",62
"Song Sparrow","Pettibone and Meyer Lane",27
"Song Sparrow","45.33749 -122.68121 Oregon Golf Club",213
"Song Sparrow","Irish Bend slough",3
"Song Sparrow","Pleasant Hill 0603x3544",128
"Song Sparrow","Brateng 8095x2477",162
"Song Sparrow","Robison Road 720x252",36
"Song Sparrow","Oakville Rd SW 44.55665 -123.16051",75
"Song Sparrow","43.85610 -123.04655 Mill Rd",192
"Song Sparrow","Wishram and Eagle View Dr. ",72
"Song Sparrow","43.53733,-123.85755",274
"Song Sparrow","45.09718 -122.85628 Miller Rd NE",173
"Song Sparrow","Marys Creek 46.16658 -123.69349",103
"Song Sparrow","Hwy 34 374x707",65
"Song Sparrow","FR21",178
"Song Sparrow","17p",65
"Song Sparrow","42.86640  -124.06346",115
"Song Sparrow","19567 Hwy 34",60
"Song Sparrow","45.52272 -122.35548 Purple Martin",152
"Song Sparrow","West of Dry Hollow Rd 44.84951 -120.14996",110
"Song Sparrow","Farmer 9688x2223",85
"Song Sparrow","Frost 8456x4182",25
"Song Sparrow","44.64272, -120.68088",250
"Song Sparrow","Valsetz 8661x6935",36
"Song Sparrow","30w",95
"Song Sparrow","West Salem 2304 Rogers",16
"Song Sparrow","42.85888  -124.05935",25
"Song Sparrow","Rowell Creek 0528x5679",70
"Song Sparrow","Oak Grove 9974x1761",50
"Song Sparrow","Simpson 7765x2793",280
"Song Sparrow","5n",20
"Song Sparrow","Honey Grove 388x561 clearcut north woods south",20
"Song Sparrow","43.93798 -122.91449 Papenfus Rd",123
"Song Sparrow","NF-2022 44.40072 -122.43642",125
"Song Sparrow","Fire Hall 0494x6237",10
"Song Sparrow","Adams 8897x24886",150
"Song Sparrow","45.45120 -122.90168 SW Farmington Rd",101.4
"Song Sparrow","WILL002L",90
"Song Sparrow","43.97984  -118.67975",169
"Song Sparrow","43.123858  -124.130695",117
"Song Sparrow","Valsetz 8250x6537",40
"Song Sparrow","Western Gull 44.878214 -123.000842",37.4
"Song Sparrow","Harris Rd. 581x486 clearcut",140
"Song Sparrow","Williams Rd. 318x373",76
"Song Sparrow","JF06",66.8
"Song Sparrow","Scravel Hill Rd SE 44.65405 -123.01785",125
"Song Sparrow","Peoria Rd 44.31646 -123.17469",400
"Song Sparrow","45.09718 -122.85628 Miller Rd NE",135
"Song Sparrow","44.72949, -123.76187",5
"Song Sparrow","Apple Valley Rd 45.76714 -122.89303",80
"Song Sparrow","I-84 45.54582 -122.46896",66
"Song Sparrow","1304 NE 2nd St.",30
"Song Sparrow","LSNA 7343x1487",90
"Song Sparrow","45.60157 -123.20249 NW Shearer Hill Rd",152
"Song Sparrow","FR01",110
"Song Sparrow","Red-breasted Sapsucker 43.658276 -123.307084",32
"Song Sparrow","44.18136,-119.57544",40
"Song Sparrow","Livermore 9960x2592",107
"Song Sparrow","Gold Creek 0246x5482",140
"Song Sparrow","43.71703,-119.63176",37
"Song Sparrow","43.47901  -124.04963",110
"Song Sparrow","14l",40
"Song Sparrow","Hazelton Rd 43.840759 -123.129931",66
"Song Sparrow","44.088424  -120.061531",125
"Song Sparrow","Blaze Dr. 0.0",55
"Song Sparrow","AR Ford 0366x6399",100
"Song Sparrow","42.16687 -122.48385",66
"Song Sparrow","Ward Road 0.0",95
"Song Sparrow","Bethel Hts Rd 0324x1641",27
"Song Sparrow","45.72239 -123.23035 NW Scofield Rd",26.5
"Song Sparrow","45.33749 -122.68121 Oregon Golf Club",75
"Song Sparrow","6q",90
